{
  "start_time": 1693531442,
  "version": "0.1.0a6",
  "pid": "1429804",
  "outdir": "/cellar/users/cchuras/cm4ai/0.1alpha/0.1pipeline/1.cm4ai_chromatin_mda-mb-468_untreated_apmsloader_initialrun0.1alpha",
  "login": "cchuras",
  "cwd": "/cellar/users/cchuras/cm4ai/0.1alpha",
  "platform": "Linux-4.18.0-477.21.1.el8_8.x86_64-x86_64-with-glibc2.10",
  "python": "3.8.5",
  "system": "Linux",
  "uname": "uname_result(system='Linux', node='nrnb-cn-03', release='4.18.0-477.21.1.el8_8.x86_64', version='#1 SMP Tue Aug 8 21:30:09 UTC 2023', machine='x86_64', processor='x86_64')",
  "commandlineargs": {
    "outdir": "0.1pipeline/1.cm4ai_chromatin_mda-mb-468_untreated_apmsloader_initialrun0.1alpha",
    "cm4ai_table": "0.1rocrates/cm4ai_chromatin_mda-mb-468_untreated_apms_0.1_alpha/apms.tsv",
    "edgelist": null,
    "edgelist_geneid_one_col": "GeneID1",
    "edgelist_symbol_one_col": "Symbol1",
    "edgelist_geneid_two_col": "GeneID2",
    "edgelist_symbol_two_col": "Symbol2",
    "baitlist": null,
    "baitlist_symbol_col": "GeneSymbol",
    "baitlist_geneid_col": "GeneID",
    "baitlist_numinteractors_col": "# Interactors",
    "provenance": "ppiprovenance.json",
    "logconf": null,
    "skip_logging": false,
    "verbose": 0,
    "program": "/cellar/users/cchuras/miniconda3/envs/py38/bin/cellmaps_ppidownloadercmd.py",
    "version": "0.1.0a6"
  }
}